Research and Development,GBP,252.55,01.07.2020,Shalne Ewings
Marketing,GBP,322.40,29.11.2020,Emalee Pavitt
Legal,EUR,773.62,09.12.2020,Stanislaus Jaze
Engineering,GBP,303.74,21.03.2020,Hammad Humm
Product Management,GBP,657.79,17.05.2020,Amy Copestick
Engineering,GBP,962.64,01.04.2020,Carlen Rummings
Human Resources,USD,145.24 ,13.11.2020,Art O' Reagan
Legal,JPY,985.11,29.07.2020,Rozanne MacGiffin
Research and Development,JPY,111.98,02.05.2020,Jori Borkin
Product Management,EUR,523.98,11.07.2020,Marj Fraczek
Research and Development,USD,607.94 ,12.08.2020,Inger Gibbieson
Marketing,JPY,252.76,29.09.2020,Wilek Breadon
Services,JPY,916.98,19.03.2020,Urbanus Worsam
Engineering,EUR,701.44,15.09.2020,Shermy Dikles
Legal,JPY,712.79,16.09.2020,Audie Pidduck
Business Development,JPY,653.61,09.05.2020,Tommy Lidgate
Accounting,USD,104.46 ,24.05.2020,Waylin Denisovo
Product Management,USD,555.78 ,27.07.2020,Angus Crunkhurn
Product Management,JPY,971.02,06.05.2020,Axel Janczyk
Engineering,USD,441.32 ,13.02.2020,Alanah Strang
Research and Development,EUR,305.99,03.02.2020,Paco Brugmann
Research and Development,USD,541.88 ,16.01.2020,Morse Woltman
Sales,GBP,173.29,21.05.2020,Neale Doubleday
Human Resources,JPY,701.34,30.03.2020,Margaretta Antoinet
Engineering,EUR,260.22,14.09.2020,Zach Vail
Human Resources,GBP,551.84,26.08.2020,Jedediah Sainteau
Services,JPY,303.62,14.04.2020,Brice Shermore
Support,JPY,173.21,14.02.2020,Carly Bockh
Legal,EUR,184.84,23.01.2020,Carmelle Mourgue
Sales,EUR,819.25,25.01.2020,Melodie Levinge
Support,GBP,330.29,17.05.2020,Culley Andrioni
Accounting,JPY,679.22,12.05.2020,Ollie Skacel
Services,GBP,521.50,06.08.2020,Estella Nijssen
Human Resources,USD,104.45 ,24.07.2020,Jo ann Playford
Marketing,EUR,197.75,12.06.2020,Mirelle Exall
Legal,USD,740.96 ,12.02.2020,Dacey Shobbrook
Engineering,GBP,94.72,17.07.2020,Inglis Robeiro
Product Management,USD,472.54 ,16.03.2020,Avis Smead
Research and Development,USD,23.94 ,01.11.2020,Sara-ann Dimitriades
Legal,EUR,236.71,21.08.2020,Olwen Bannester
Services,GBP,493.90,16.03.2020,Powell Norway
Engineering,EUR,714.75,29.08.2020,Fleur Peizer
Product Management,EUR,312.72,06.12.2020,Chicky Hatchell
Research and Development,JPY,907.03,18.09.2020,Tedie Neat
Engineering,USD,125.36 ,23.01.2020,Oren Bampton
Engineering,EUR,749.82,15.12.2020,Hollyanne Pheasant
Accounting,JPY,630.71,28.10.2020,Juline Moody
Training,JPY,806.50,27.02.2020,Riki Brechin
Product Management,USD,309.22 ,24.09.2020,Terencio Idney
Support,USD,712.44 ,28.09.2020,Ad Brennan
Legal,EUR,747.66,03.10.2020,Brade Geeves
Product Management,USD,461.13 ,20.07.2020,Minnnie Clitherow
Research and Development,EUR,402.53,01.04.2020,Dotti Scoular
Research and Development,JPY,585.72,08.03.2020,Ruthie McAloren
Engineering,USD,410.52 ,03.06.2020,Damian Ormond
Human Resources,GBP,762.25,30.05.2020,Godfree Cleminshaw
Legal,GBP,710.78,22.02.2020,Dorene Brumen
Training,USD,976.28 ,27.06.2020,Jamie Beeston
Marketing,JPY,729.23,15.11.2020,Aldwin Skegg
Business Development,USD,721.52 ,21.12.2020,Abbott Tenwick
Legal,EUR,770.41,28.12.2020,Astra Baltrushaitis
Research and Development,USD,772.31 ,07.03.2020,Brockie Schoenfisch
Training,JPY,801.02,20.08.2020,Alla Oxterby
Sales,USD,490.23 ,07.04.2020,Hedvige Vines
Support,EUR,858.42,06.04.2020,Jessalin Moulster
Accounting,JPY,311.36,10.12.2020,Luce Hurdis
Legal,JPY,195.98,26.01.2020,Elbertina Turbayne
Marketing,USD,536.61 ,27.02.2020,Atalanta Antuoni
Engineering,JPY,418.71,13.03.2020,Dore Grieves
Marketing,USD,793.47 ,25.03.2020,Stu Rugiero
Accounting,USD,722.43 ,06.01.2020,Norma Shapira
Business Development,USD,716.08 ,11.03.2020,Ruggiero Powner
Legal,USD,449.20 ,05.04.2020,Zaneta Bruineman
Research and Development,USD,850.85 ,22.08.2020,Durant Syrie
Engineering,EUR,206.78,09.11.2020,Saloma Stanbrooke
Marketing,JPY,821.27,27.06.2020,Teador Rainford
Marketing,EUR,885.22,02.01.2020,Lucas Vere
Product Management,GBP,698.19,14.02.2020,Jeannette Lowdyane
Business Development,GBP,39.49,07.11.2020,Davidde Puddan
Human Resources,EUR,109.44,10.11.2020,Martie Bentson
Research and Development,GBP,823.63,08.08.2020,Carlee Ranshaw
Accounting,USD,211.33 ,28.01.2020,Dodi Sydes
Accounting,EUR,605.27,29.04.2020,Druci Jasiak
Marketing,GBP,297.63,08.10.2020,Whitney Lever
Marketing,GBP,667.11,08.03.2020,Lorne Lakeland
Marketing,JPY,960.40,16.11.2020,Fancie Bullivent
Product Management,USD,340.43 ,07.03.2020,Kacey McLukie
Product Management,USD,913.71 ,30.08.2020,Hatty Brideaux
Services,GBP,811.00,25.01.2020,Mandel Bake
Marketing,EUR,173.11,15.10.2020,Stormy Kinningley
Marketing,GBP,863.29,20.03.2020,Vivie McGiff
Product Management,JPY,980.02,29.08.2020,Broderick Duddan
Sales,JPY,71.42,15.07.2020,Garek Girodier
Training,USD,634.75 ,23.01.2020,Vonni Emanulsson
Legal,USD,790.06 ,03.02.2020,Orrin Licciardiello
Services,USD,452.18 ,22.09.2020,Lindy Acum
Accounting,JPY,725.53,04.10.2020,Enrichetta Brockhurst
Business Development,JPY,573.91,19.02.2020,Christal Gillitt
Support,GBP,522.05,10.08.2020,Hoebart Boissieux
Training,EUR,753.52,19.09.2020,Michail Causton
Marketing,GBP,27.41,31.08.2020,Nero Danhel
Accounting,USD,845.13 ,03.10.2020,Mitchael Eveling
Legal,USD,173.53 ,31.03.2020,Rosalynd Vick
Training,JPY,790.09,25.07.2020,Reeva Harefoot
Business Development,USD,968.11 ,11.01.2020,Luise McCunn
Product Management,GBP,936.93,16.07.2020,Tracy Worsnap
Training,USD,437.95 ,10.01.2020,Michel Skilling
Services,USD,779.20 ,15.01.2020,Rubina Marcam
Human Resources,GBP,722.48,15.07.2020,Lenna Rigden
Product Management,USD,389.90 ,10.10.2020,Ingra Brockie
Support,USD,797.84 ,30.08.2020,Kippar Ridger
Accounting,JPY,519.54,20.03.2020,Andy Arlt
Services,JPY,754.80,26.01.2020,Laird Cotterell
Training,EUR,747.09,25.02.2020,Wendell Ragless
Sales,GBP,105.72,30.01.2020,Stefano Lutzmann
Research and Development,JPY,568.19,02.07.2020,Isador McArtan
Marketing,EUR,248.41,02.01.2020,Avrit Mesant
Accounting,JPY,763.74,02.07.2020,Jack Crittal
Sales,GBP,594.49,25.03.2020,Anni Norkutt
Training,GBP,130.28,16.09.2020,Kaleb Eastgate
Human Resources,JPY,226.51,01.04.2020,Ursuline Shivlin
Marketing,USD,864.89 ,17.09.2020,Bride Bernardy
Human Resources,JPY,805.43,25.09.2020,Sile Gahan
Product Management,USD,548.24 ,27.09.2020,Chrystal Balsdon
Human Resources,EUR,809.58,14.06.2020,Lowrance Woodward
Engineering,GBP,869.89,11.04.2020,Katharyn Brewis
Support,USD,243.48 ,11.07.2020,Justine Lawtey
Accounting,GBP,482.77,05.06.2020,Monah Kivits
Training,JPY,586.31,30.06.2020,Kienan Kuhwald
Engineering,GBP,848.92,19.10.2020,Darby Beckham
Services,USD,458.95 ,25.05.2020,Agnella Batrick
Support,JPY,27.56,22.04.2020,Francyne Roback
Product Management,GBP,508.47,30.03.2020,Lethia Davall
Marketing,USD,812.23 ,03.10.2020,Morgun Manoelli
Marketing,JPY,95.34,21.05.2020,Lorry Jeffress
Training,EUR,44.53,27.04.2020,Florette MacParlan
Marketing,EUR,588.69,16.07.2020,Godard Francais
Human Resources,JPY,552.91,17.07.2020,Donnajean Gillibrand
Sales,EUR,572.26,16.12.2020,Dolley Berrey
Services,GBP,394.05,01.10.2020,Ole Bewshea
Engineering,GBP,139.14,27.05.2020,Nolly Mandel
Legal,EUR,668.63,05.01.2020,Aristotle Lackney
Product Management,USD,283.03 ,02.04.2020,Donnie Quennell
Sales,GBP,107.38,19.08.2020,Rudolph Durgan
Marketing,GBP,788.70,12.02.2020,Tully Probbin
Human Resources,GBP,451.97,17.08.2020,Valentin Phorsby
Product Management,GBP,486.94,29.11.2020,Lyndy Ewin
Business Development,EUR,62.69,26.02.2020,Guenevere Heiden
Legal,USD,928.20 ,10.12.2020,Paulo Chazette
Marketing,JPY,901.88,16.04.2020,Bobbie Storrar
Research and Development,JPY,865.04,21.07.2020,Cos Bangham
Services,GBP,818.71,08.09.2020,Donnamarie Pinckney
Engineering,GBP,169.70,16.05.2020,Karylin Gotecliffe
Engineering,EUR,871.42,01.04.2020,Betsey Nelthorpe
Business Development,EUR,214.23,13.10.2020,Dollie Nurcombe
Human Resources,EUR,914.51,13.12.2020,Beverley Bence
Marketing,JPY,706.72,27.07.2020,Roanne Tripney
Product Management,JPY,820.18,17.08.2020,Meagan Boshell
Engineering,USD,603.35 ,14.11.2020,Maurice Spittles
Business Development,JPY,91.25,02.01.2020,Zachary Cornbell
Business Development,USD,929.72 ,02.09.2020,Allys Colcutt
Product Management,GBP,165.88,19.06.2020,Vivyanne Wastie
Accounting,GBP,396.81,14.03.2020,Palmer Brunetti
Marketing,GBP,55.79,08.10.2020,Desiree Coulbeck
Marketing,EUR,604.32,29.11.2020,Trixy Bettenson
Sales,JPY,692.99,26.09.2020,Wade Brute
Research and Development,GBP,154.56,29.03.2020,Allina Tuxell
Marketing,USD,493.49 ,15.12.2020,Lanie Nansom
Business Development,USD,324.86 ,10.01.2020,Lianne Flori
Product Management,USD,733.08 ,21.11.2020,Ewell Saipy
Engineering,GBP,728.14,20.01.2020,Marcia Bidewel
Support,JPY,894.89,28.07.2020,Mattie Gianiello
Business Development,GBP,359.27,26.09.2020,Xylia Woodier
Engineering,GBP,425.05,10.03.2020,Fred Mathers
Marketing,GBP,587.90,30.10.2020,Abby Cullip
Engineering,USD,671.54 ,03.02.2020,Nicolea Dorward
Training,USD,836.29 ,03.04.2020,Norbert Ethridge
Product Management,JPY,427.29,08.07.2020,Kare Cisland
Legal,GBP,490.87,09.02.2020,Brena McKevany
Marketing,EUR,225.07,07.12.2020,Welch McRavey
Services,GBP,326.54,23.12.2020,Horten Donnellan
Services,JPY,191.28,12.12.2020,Rozanna Parmby
Human Resources,USD,997.35 ,29.04.2020,Welsh Gunbie
Services,USD,967.75 ,30.06.2020,Donni Rosewell
Legal,GBP,205.97,04.10.2020,West Pettinger
Research and Development,USD,894.02 ,10.11.2020,Moses Benitez
Engineering,GBP,127.21,10.01.2020,Flossi Gorry
Services,GBP,128.91,28.10.2020,Jeromy Beresfore
Engineering,GBP,398.96,10.01.2020,Evangelina Cluely
Services,EUR,380.55,18.04.2020,Walther Segrave
Services,USD,265.63 ,05.03.2020,Cornie Bauldry
Services,EUR,493.73,28.04.2020,Brittan Coleshill
Product Management,JPY,731.91,27.11.2020,Roseline Chettoe
Research and Development,EUR,683.23,26.11.2020,Arman Longmore
Sales,GBP,882.25,28.02.2020,Marv Spoole
Marketing,EUR,37.93,30.11.2020,Howie Elam
Research and Development,GBP,301.60,08.06.2020,Masha Rizzardini
Research and Development,EUR,103.65,21.09.2020,Tabbitha Maren
Training,GBP,736.25,20.02.2020,Tanner Khidr
Marketing,GBP,50.28,07.06.2020,Elias MacGown
Legal,USD,930.91 ,07.12.2020,Eustacia Horsell
Research and Development,GBP,350.34,03.10.2020,Bartolomeo Laxton
Product Management,EUR,660.58,04.05.2020,Gayle Yorkston
Human Resources,EUR,306.99,12.09.2020,Ilysa Otley
Marketing,USD,46.77 ,16.05.2020,Terra Probart
Business Development,EUR,184.48,22.02.2020,Abigael Sprionghall
Human Resources,USD,563.45 ,26.02.2020,Ignatius Brogi
Legal,JPY,808.12,05.02.2020,Haze Pates
Human Resources,JPY,723.86,03.01.2020,Zabrina Lemmen
Training,USD,996.72 ,11.04.2020,Cariotta Meneely
Research and Development,EUR,660.18,29.06.2020,Bayard Downs
Research and Development,EUR,904.44,24.10.2020,Alisha Perfili
Marketing,GBP,687.71,22.12.2020,Lay Stannus
Engineering,USD,700.35 ,12.02.2020,Terry Purdie
Sales,GBP,495.97,24.12.2020,Gisele Gosnell
Services,EUR,548.47,10.02.2020,Mathe Kuhlmey
Engineering,GBP,378.65,15.08.2020,Doretta Benedetti
Product Management,USD,209.22 ,25.03.2020,Dode Hrinchenko
Accounting,EUR,81.39,22.01.2020,Sherilyn Mander
Services,GBP,578.42,02.08.2020,Madalyn Dykes
Human Resources,JPY,399.89,22.09.2020,Frederique Boldock
Business Development,JPY,95.06,23.08.2020,Bride Golborne
Human Resources,EUR,644.82,11.08.2020,Novelia Attoc
Marketing,USD,723.40 ,28.12.2020,Dillon Shields
Product Management,JPY,615.98,10.10.2020,Jefferey Labbe
Services,GBP,769.36,06.05.2020,Ruthi Udy
Business Development,JPY,787.33,04.12.2020,Vivienne Schimek
Legal,EUR,421.83,30.03.2020,Natka Yockney
Business Development,USD,330.43 ,17.03.2020,Jyoti Wrixon
Support,EUR,756.28,26.01.2020,Addie Boice
Marketing,GBP,162.55,11.08.2020,Annemarie Dog
Engineering,JPY,579.53,22.02.2020,Jessey McDonald
Business Development,GBP,466.37,30.05.2020,Jed Hampe
Legal,EUR,792.66,23.02.2020,Nessi Schlag
Engineering,GBP,757.10,19.01.2020,Cathlene Hune
Engineering,USD,929.52 ,17.02.2020,Tonia Surplice
Human Resources,EUR,581.29,18.03.2020,Rosemonde Patemore
Research and Development,JPY,681.02,10.04.2020,Noemi Gisburn
Legal,JPY,435.29,27.07.2020,Kacey Reef
Research and Development,EUR,677.55,05.09.2020,Derk Saywood
Research and Development,GBP,230.73,27.09.2020,Stacie Ibanez
Legal,JPY,192.48,30.10.2020,Wendell Malden
Human Resources,EUR,550.77,18.05.2020,Sigfrid Errichelli
Product Management,USD,704.96 ,02.05.2020,Annabel Bodega
Sales,GBP,443.03,27.02.2020,Laverna Grigorian
Research and Development,JPY,657.89,05.04.2020,Wynny Sarfatti
Engineering,GBP,962.20,14.02.2020,Roxane Di Giacomettino
Training,GBP,192.22,16.02.2020,Odell Edmondson
Human Resources,GBP,955.71,29.09.2020,Gretta Bridgnell
Training,USD,642.84 ,23.12.2020,Antin McGrae
Sales,USD,429.01 ,26.02.2020,Carlita Franzewitch
Services,USD,212.13 ,27.12.2020,Lanny Houlworth
Training,USD,303.34 ,02.12.2020,Bran Maghull
Sales,USD,10.18 ,10.10.2020,Ephrem Besnard
Human Resources,USD,306.50 ,25.04.2020,Anthe Newland
Product Management,GBP,202.74,07.01.2020,Lynn Hazard
Services,USD,349.06 ,28.11.2020,Nert Wistance
Marketing,GBP,986.09,21.08.2020,Nilson Tillett
Human Resources,USD,479.36 ,13.04.2020,Shirl Rikard
Business Development,EUR,849.07,18.10.2020,Gunilla Josefs
Human Resources,GBP,691.39,31.01.2020,Kirbee Spraging
Training,GBP,124.36,20.05.2020,Megan Johnikin
Business Development,JPY,963.18,08.03.2020,Peder Earle
Support,USD,233.43 ,30.07.2020,Forest Beckensall
Engineering,JPY,272.94,10.06.2020,Mortimer Winson
Accounting,GBP,412.56,05.07.2020,Tammy Joanaud
Accounting,USD,456.31 ,16.10.2020,Celesta Sedgmond
Training,USD,220.08 ,07.04.2020,Flory Mosedill
Human Resources,GBP,37.64,20.03.2020,Hester Toller
Accounting,JPY,15.74,11.08.2020,Feodora Wooffitt
Sales,GBP,580.66,22.04.2020,Mikel Couche
Engineering,EUR,935.18,19.09.2020,Zorana Asmus
Research and Development,EUR,773.79,19.10.2020,Carmen Blewett
Research and Development,GBP,410.07,25.11.2020,Hope Sherbourne
Support,GBP,926.06,23.06.2020,Uriah O'Shaughnessy
Product Management,JPY,544.95,13.11.2020,Angela Maunton
Services,GBP,166.02,04.09.2020,Donni Searston
Business Development,USD,810.05 ,29.07.2020,Erina Pollie
Accounting,EUR,873.28,28.09.2020,Ferguson Blaksland
Business Development,GBP,93.81,26.06.2020,Franzen Kenney
Marketing,JPY,232.77,16.07.2020,Frederich Burford
Legal,USD,386.31 ,19.08.2020,Olive Abrahmer
Human Resources,JPY,538.98,07.06.2020,Cullie Danilenko
Legal,GBP,928.46,25.09.2020,Derrick Lampard
Accounting,JPY,78.36,12.01.2020,Karleen Bumford
Human Resources,USD,189.56 ,03.04.2020,Bram Skirven
Engineering,GBP,240.76,14.01.2020,Suzie Gammons
Services,JPY,874.54,21.09.2020,Winslow Racine
Business Development,EUR,34.76,15.02.2020,Lydia Chittie
Accounting,USD,76.18 ,28.06.2020,Theo Casella
Services,GBP,847.64,14.12.2020,Lauree Herety
Accounting,EUR,590.83,05.09.2020,Domingo Brennen
Engineering,EUR,593.67,27.04.2020,Ezra Grim
Human Resources,USD,723.53 ,26.09.2020,Aime Flather
Engineering,JPY,323.73,28.04.2020,Sauncho Buxcey
Sales,USD,935.97 ,21.02.2020,Jackson Creyke
Product Management,JPY,614.74,08.03.2020,Tirrell Boyles
Research and Development,EUR,429.62,09.10.2020,Onofredo Yesenev
Engineering,JPY,564.13,10.11.2020,Ollie Askham
Accounting,GBP,154.62,12.08.2020,Jaine Eusden
Training,GBP,637.18,18.02.2020,Keri Owbridge
Engineering,JPY,10.02,22.05.2020,Beatrisa Fourcade
Training,JPY,474.92,09.05.2020,Hubert Lissimore
Engineering,USD,499.69 ,13.10.2020,Margarete Korous
Accounting,GBP,490.34,03.09.2020,Celisse Chaim
Services,EUR,864.69,04.04.2020,Shelby Wingar
Research and Development,GBP,598.79,03.10.2020,Ethelbert Varndell
Engineering,GBP,342.11,21.08.2020,Martelle Cazalet
Sales,JPY,559.29,18.07.2020,Roslyn Wallicker
Accounting,GBP,751.13,25.05.2020,Taffy Feather
Accounting,GBP,479.94,27.10.2020,Howie Watkiss
Marketing,GBP,54.52,17.10.2020,Judon Churly
Accounting,EUR,313.25,26.12.2020,Ezmeralda MacGorley
Services,GBP,307.40,10.02.2020,Eustace Culbert
Legal,JPY,643.02,18.08.2020,Tracie Boij
Product Management,USD,399.14 ,20.08.2020,Fanchon Puden
Accounting,JPY,729.90,11.11.2020,Arlin Pepon
Services,JPY,127.30,17.05.2020,Heddie Sarl
Product Management,GBP,678.44,21.07.2020,Christin Unitt
Services,GBP,841.32,27.11.2020,Hannis McGuiness
Engineering,USD,850.32 ,12.10.2020,Hewett Pickburn
Research and Development,GBP,957.79,02.08.2020,Pietra Gilfoyle
Services,JPY,78.87,08.01.2020,Ki Burchard
Services,JPY,340.49,04.07.2020,Ky Eymor
Engineering,GBP,560.87,22.04.2020,Florri Cutbirth
Sales,GBP,323.13,07.01.2020,Giselle Simnor
Marketing,JPY,364.42,29.12.2020,Eba Hapgood
Business Development,JPY,953.91,28.02.2020,Hugo Joubert
Accounting,GBP,293.48,20.02.2020,Minnaminnie Marrion
Training,USD,669.01 ,07.07.2020,Madeline Chevers
Product Management,JPY,820.15,26.04.2020,Elna Hargreave
Human Resources,JPY,138.57,11.09.2020,Janeva Antic
Marketing,JPY,188.90,04.09.2020,Alane Lambdin
Product Management,USD,168.50 ,12.12.2020,Jodie Lorie
Training,JPY,607.54,11.03.2020,Winfield Kehri
Sales,JPY,530.35,26.10.2020,Margarette Howorth
Support,GBP,948.21,17.04.2020,Patience Goodright
Support,EUR,615.57,11.10.2020,Cissiee Eldon
Legal,GBP,27.98,01.09.2020,Linea McInteer
Marketing,GBP,859.81,23.04.2020,Linnie Schlag
Training,USD,816.85 ,20.03.2020,Hermie McKinty
Accounting,GBP,622.30,29.08.2020,Nanete Ricoald
Product Management,EUR,783.04,07.05.2020,Abbey Bampforth
Product Management,GBP,797.28,22.01.2020,Minerva McKnish
Legal,USD,334.77 ,30.11.2020,Lila Symonds
Accounting,USD,311.54 ,19.05.2020,Armand Adshed
Support,USD,735.30 ,06.05.2020,Alfons Zolini
Product Management,GBP,370.12,17.11.2020,Arabel Way
Legal,EUR,795.59,14.09.2020,Jillane Caisley
Engineering,EUR,523.49,03.02.2020,Edvard Daspar
Sales,JPY,166.52,26.10.2020,Caryn Bear
Sales,USD,44.22 ,17.12.2020,Maggi Nicely
Marketing,JPY,742.76,23.08.2020,Johnna Braden
Marketing,EUR,214.03,13.08.2020,Kial Elderkin
Marketing,EUR,240.79,03.09.2020,Chalmers Clara
Human Resources,USD,240.53 ,29.12.2020,Melisse Pengilly
Accounting,EUR,437.91,17.12.2020,Lucina Spicer
Services,USD,305.70 ,05.08.2020,Killie Garrett
Support,EUR,522.11,19.09.2020,Marigold Rannald
Training,GBP,239.72,06.10.2020,Ivy Avrahamoff
Support,JPY,929.32,26.05.2020,Christiana Issitt
Marketing,EUR,997.49,15.09.2020,Caria Osan
Accounting,GBP,641.99,25.06.2020,Manny Kyneton
Engineering,GBP,618.28,03.04.2020,Carolynn Samet
Research and Development,GBP,344.34,07.08.2020,Lani Darkott
Engineering,GBP,923.61,06.06.2020,Gavin Labon
Business Development,JPY,689.19,25.02.2020,Flossy Wordley
Training,EUR,891.00,25.10.2020,Bertie Woodham
Sales,EUR,844.34,06.12.2020,Thor Varney
Services,JPY,783.05,03.10.2020,Urbain Blodgetts
Support,JPY,463.56,09.11.2020,Theobald Bartels
Services,JPY,218.12,04.02.2020,Chrysler Harcarse
Business Development,GBP,912.43,02.11.2020,Mareah Vernham
Accounting,JPY,358.06,13.05.2020,Rita Corkel
Marketing,EUR,630.13,09.02.2020,Georgena Lacroux
Product Management,USD,399.89 ,24.07.2020,Hector MacKaig
Business Development,GBP,495.10,10.08.2020,Evered Outerbridge
Services,GBP,459.24,16.05.2020,Yancey Spriggin
Engineering,JPY,951.94,17.10.2020,Curran Gerant
Sales,JPY,764.68,12.08.2020,Cord O'Rodane
Research and Development,USD,202.99 ,17.02.2020,Shelby Elvy
Services,EUR,92.95,24.11.2020,Vaclav Stanger
Accounting,EUR,411.39,23.07.2020,Sapphire Crimpe
Legal,USD,621.54 ,11.12.2020,Analiese Farries
Support,JPY,923.12,26.05.2020,Annamaria Sawtell
Support,JPY,183.08,29.12.2020,Jemima Pickerell
Legal,EUR,709.33,07.06.2020,Carey MacCoughan
Human Resources,EUR,423.91,03.02.2020,Liuka Mathet
Support,USD,882.58 ,15.03.2020,Roch Allicock
Research and Development,USD,234.79 ,30.09.2020,Marris Gaiger
Sales,JPY,479.63,16.10.2020,Kimball Regglar
Engineering,EUR,812.85,17.04.2020,Tonnie Oldroyde
Research and Development,EUR,283.11,05.11.2020,Chiarra Beminster
Human Resources,GBP,725.18,30.03.2020,Elias Kristufek
Product Management,EUR,185.91,10.07.2020,Sammy Gemmell
Sales,EUR,545.70,12.10.2020,Jackelyn Peggrem
Accounting,GBP,426.86,25.07.2020,Paquito Calltone
Services,USD,249.09 ,19.11.2020,Atlanta Dearlove
Human Resources,JPY,217.92,25.11.2020,Roxy Van den Velden
Legal,GBP,12.47,16.03.2020,Aviva MacKaig
Marketing,JPY,133.62,27.10.2020,Filmer Pilgrim
Business Development,GBP,118.98,12.02.2020,Lexy Martinyuk
Human Resources,JPY,686.24,29.05.2020,Heywood O' Gara
Training,EUR,227.79,17.06.2020,Buddy De Winton
Research and Development,JPY,406.03,22.11.2020,Blondy Cricket
Product Management,EUR,869.03,07.05.2020,Willow Gunthorpe
Services,USD,167.03 ,24.12.2020,L;urette Wyldes
Legal,USD,31.27 ,06.04.2020,Donica Choulerton
Research and Development,JPY,220.72,23.03.2020,Cassy Hember
Research and Development,JPY,597.90,02.12.2020,Karol Huerta
Research and Development,GBP,330.45,06.07.2020,Madeline Conniam
Accounting,EUR,751.92,19.02.2020,Briana Dorbon
Legal,EUR,571.41,22.05.2020,Cindy Eagleton
Engineering,JPY,785.88,25.12.2020,Kirstin Peegrem
Engineering,EUR,99.63,17.01.2020,Franny Danter
Services,EUR,27.70,05.03.2020,Mordecai Prue
Training,EUR,987.53,09.04.2020,Sherm Huckel
Accounting,EUR,458.57,23.08.2020,Fairleigh Moston
Sales,EUR,538.23,27.05.2020,Lorita Soule
Services,GBP,459.59,13.04.2020,Tessie Skinner
Support,USD,561.05 ,04.07.2020,Ode Torbett
Training,GBP,860.30,28.03.2020,Osmond Layson
Sales,JPY,576.10,05.09.2020,Mitchel Maro
Accounting,GBP,532.77,25.07.2020,Augie Davern
Services,GBP,527.00,17.04.2020,Granthem Kinset
Product Management,JPY,381.39,04.11.2020,Cheston Nenci
Research and Development,JPY,325.84,29.09.2020,Kissie Ciottoi
Sales,USD,591.17 ,31.05.2020,Charmane Bergen
Legal,JPY,504.55,24.01.2020,Ethan Piens
Sales,EUR,536.60,23.04.2020,Olenolin Sinson
Marketing,USD,62.60 ,12.04.2020,Mikel Gobert
Training,JPY,26.98,01.05.2020,Bettine Ravenhills
Product Management,JPY,24.24,18.07.2020,Vernon Christofor
Research and Development,EUR,729.71,10.04.2020,Jolee Josefs
Engineering,EUR,110.19,13.05.2020,Nicholle Outlaw
Research and Development,EUR,446.25,18.12.2020,Carmon Innocent
Engineering,EUR,381.05,05.09.2020,Wylie Geggus
Support,JPY,607.16,08.02.2020,Joya Danko
Legal,GBP,645.49,25.06.2020,Skip Blakey
Support,USD,695.82 ,30.04.2020,Mal Cooney
Sales,JPY,246.04,10.06.2020,Karie Curgenven
Human Resources,GBP,662.21,19.04.2020,Katleen Mesant
Marketing,JPY,575.88,26.06.2020,Aggy Marfell
Training,GBP,743.57,26.08.2020,Yorgo Bolle
Research and Development,JPY,955.12,23.09.2020,Laurence Moir
Services,JPY,506.19,09.07.2020,Bridie Selbach
Legal,GBP,831.28,24.08.2020,Jillayne Moxom
Legal,JPY,126.66,06.05.2020,Aurora Matei
Marketing,USD,381.74 ,23.08.2020,Bessy Curro
Research and Development,USD,814.53 ,13.05.2020,Damien McKain
Business Development,JPY,993.22,29.06.2020,Kyrstin Scholfield
Services,JPY,27.39,14.10.2020,Vernen De Mars
Research and Development,GBP,78.12,14.01.2020,Jamie Cabrer
Support,GBP,972.49,19.07.2020,Eugen Norcock
Support,EUR,472.85,23.10.2020,Henriette Postgate
Training,EUR,381.43,26.07.2020,Willi Burnitt
Engineering,EUR,235.94,24.11.2020,Evered Conisbee
Product Management,USD,976.36 ,18.05.2020,Regine Holligan
Human Resources,USD,127.76 ,03.05.2020,Robinia Golling
Training,JPY,91.60,05.06.2020,Nettle Rossiter
Sales,GBP,850.19,13.10.2020,Latia Berardt
Human Resources,GBP,912.66,05.10.2020,Tam Regnard
Support,EUR,182.80,05.09.2020,Hildegarde Gotthard.sf
Sales,GBP,339.58,18.01.2020,Isidore Spearing
Engineering,EUR,827.44,14.06.2020,Chester Vasser
Marketing,EUR,823.34,16.10.2020,Shamus McIlenna
Human Resources,USD,432.87 ,06.06.2020,Devland Fairman
Training,USD,197.57 ,27.12.2020,Bevon Vowdon
Training,GBP,647.32,26.09.2020,Maggee Honisch
Product Management,JPY,889.99,09.03.2020,Hewet Helin
Marketing,EUR,855.12,26.08.2020,Ali Campling
Engineering,GBP,787.30,23.10.2020,Lowe Yurevich
Accounting,GBP,535.75,19.09.2020,Rosemary Luce
Research and Development,JPY,568.75,02.09.2020,Shelby McFarlane
Engineering,USD,298.65 ,19.04.2020,Faunie Inkster
Engineering,EUR,345.54,30.04.2020,Siward Chadwick
Support,GBP,880.85,24.12.2020,Glenda Bowmaker
Training,USD,283.17 ,17.12.2020,Rafaello Sille
Marketing,JPY,955.68,21.10.2020,Noemi Dundredge
Support,JPY,806.38,06.01.2020,Aylmer Dawkins
Support,JPY,521.11,31.03.2020,Clint Chelnam
Research and Development,GBP,434.21,15.12.2020,Alyson Lackham
Support,JPY,339.24,08.06.2020,Thorsten Dressel
Training,GBP,146.61,05.01.2020,Decca Piddle
Product Management,JPY,424.47,11.10.2020,Minni Giacopini
Sales,EUR,86.17,14.03.2020,Pincus Kennagh
Marketing,GBP,831.22,10.10.2020,James Lonsbrough
Human Resources,EUR,631.27,06.11.2020,Ronny Woodes
Services,EUR,61.16,25.06.2020,Gigi Aggis
Legal,GBP,469.31,19.03.2020,Eveline Frostdick
Business Development,EUR,947.03,30.06.2020,Rhonda Shewery
Research and Development,EUR,825.89,29.05.2020,Rorke Abdon
Services,JPY,78.79,16.11.2020,Isahella Traut
Services,GBP,700.10,21.11.2020,Ronald Fardo
Engineering,EUR,882.12,17.10.2020,Tedmund Sigart
Sales,GBP,407.48,25.07.2020,Lois Bertholin
Sales,JPY,743.08,14.06.2020,Rosamund MacGaughie
Engineering,GBP,503.22,17.01.2020,Ortensia Schlagman
Marketing,GBP,429.92,06.09.2020,Beltran Dungee
Services,JPY,304.58,19.02.2020,Robin Allardyce
Support,JPY,595.57,16.05.2020,Jerald Weston
Support,USD,233.85 ,24.10.2020,Fowler Mobley
Marketing,EUR,342.02,14.06.2020,Billy Jefferys
Research and Development,JPY,519.67,29.10.2020,Grata Grealey
Marketing,USD,734.13 ,09.01.2020,Jude Greatham
Human Resources,GBP,910.38,22.03.2020,Morena Posen
Training,GBP,537.86,04.08.2020,Zerk Ager
Human Resources,EUR,221.37,23.09.2020,Desmund Brandacci
Services,USD,428.17 ,27.03.2020,Yorker Conen
Training,GBP,658.19,10.03.2020,Carlyn Durdan
Services,JPY,727.44,08.10.2020,Beck Ferreli
Support,GBP,839.89,21.09.2020,Pauly Foggarty
Engineering,EUR,495.17,03.02.2020,Pattie Raiston
Human Resources,GBP,689.95,16.03.2020,Jolynn Sheen
Human Resources,JPY,779.42,23.06.2020,Kippy Pernell
Business Development,USD,340.37 ,06.01.2020,Stephan Leyden
Accounting,USD,993.64 ,26.07.2020,Dyane Novill
Product Management,JPY,293.68,24.06.2020,Shurlocke Wakeley
Research and Development,JPY,395.41,28.04.2020,Evered Elwyn
Business Development,USD,820.88 ,29.11.2020,Carin Pacher
Sales,JPY,277.32,01.09.2020,Adriaens Bayfield
Business Development,JPY,714.79,05.04.2020,Stefania Sabberton
Legal,EUR,148.30,20.12.2020,Bartolemo Tankard
Sales,EUR,969.03,28.02.2020,Marco Dametti
Services,JPY,896.81,23.10.2020,Kaela Wild
Accounting,USD,868.09 ,10.08.2020,Abrahan Symms
Accounting,EUR,692.39,14.04.2020,Jarrett Harridge
Services,USD,713.54 ,10.08.2020,Lawton Fairweather
Business Development,GBP,801.13,17.03.2020,Bevan Lukacs
Support,GBP,831.58,03.03.2020,Donavon Josling
Sales,EUR,346.53,13.04.2020,Annalee Musico
Research and Development,GBP,589.75,27.02.2020,Nessa Rattenbury
Research and Development,GBP,397.37,24.09.2020,Dag McCutheon
Research and Development,USD,284.82 ,28.04.2020,Shaine Hay
Sales,JPY,259.25,20.09.2020,Aileen Brouard
Legal,GBP,310.44,01.01.2020,Jolyn Thorneloe
Human Resources,GBP,821.41,11.05.2020,Kareem Slimon
Marketing,USD,607.34 ,11.06.2020,Pail Tatton
Legal,GBP,436.00,29.12.2020,Merle Danielian
Business Development,EUR,26.48,21.06.2020,Mellisent Firmage
Training,JPY,545.75,19.11.2020,Stewart Dohrmann
Support,GBP,383.08,19.10.2020,Rob Harriott
Research and Development,GBP,109.58,19.05.2020,Brittaney Spelsbury
Human Resources,GBP,591.84,03.06.2020,Poppy Hands
Support,EUR,379.70,18.05.2020,Tabbi Coste
Marketing,GBP,126.57,21.09.2020,Ike Nicely
Human Resources,USD,444.12 ,14.04.2020,Aldous Yanne
Business Development,JPY,607.39,18.07.2020,Shannah Valsler
Business Development,JPY,304.52,14.08.2020,Anthiathia Dommersen
Training,USD,808.84 ,24.05.2020,Mildrid Poskitt
Legal,GBP,84.17,30.05.2020,Corella Haugeh
Engineering,GBP,160.64,25.12.2020,Henrik Gley
Services,USD,403.37 ,07.04.2020,Robinetta Riccardi
Support,JPY,19.43,27.08.2020,Barbara Catcheside
Business Development,USD,109.82 ,24.08.2020,Anissa Jakeway
Training,GBP,275.88,21.02.2020,Melisa Eliet
Human Resources,JPY,318.73,13.06.2020,Jourdain Bonifazio
Product Management,JPY,42.89,22.09.2020,Leelah Wathen
Services,JPY,386.87,06.07.2020,Asa Haugg
Research and Development,USD,744.08 ,29.02.2020,Nancy Aylott
Support,EUR,522.32,19.01.2020,Gus Kitcher
Training,EUR,296.23,10.10.2020,Hugo Busher
Training,JPY,386.08,04.04.2020,Shandra Rosenvasser
Support,GBP,69.72,11.03.2020,Deloris Garrelts
Accounting,JPY,396.05,30.08.2020,Patrice Gregore
Training,EUR,500.35,03.11.2020,Upton Dummett
Accounting,EUR,210.62,30.03.2020,Shelton Wagnerin
Marketing,USD,289.86 ,04.02.2020,Nathan Lucian
Legal,USD,793.95 ,21.06.2020,Alleyn Pidduck
Legal,USD,128.66 ,06.07.2020,Webster Garett
Legal,USD,34.62 ,27.11.2020,Sallyanne McQuillan
Legal,USD,783.06 ,15.07.2020,Joline Mill
Human Resources,JPY,737.45,10.12.2020,Delaney Linch
Research and Development,USD,427.57 ,14.04.2020,Ethelind Skirvane
Support,GBP,998.83,12.02.2020,Brig Allgood
Training,JPY,304.21,11.01.2020,Toby Laight
Services,JPY,991.11,21.08.2020,Alick Podd
Human Resources,USD,299.16 ,13.12.2020,Pam Frenzel;
Accounting,JPY,678.01,29.06.2020,Deirdre Halwell
Support,GBP,780.78,23.06.2020,Joelle Reith
Accounting,GBP,260.11,26.12.2020,Susanne Camplin
Research and Development,USD,936.58 ,25.04.2020,Marj Lee
Accounting,JPY,142.88,13.02.2020,Win Heinecke
Sales,GBP,127.18,25.04.2020,Misha Camelli
Support,EUR,388.99,02.04.2020,Mal Greenstead
Marketing,USD,948.50 ,22.03.2020,Dolley Parton
Support,EUR,138.47,04.01.2020,Georgetta Heims
Engineering,JPY,889.86,25.07.2020,Hermia Apperley
Engineering,USD,505.44 ,02.01.2020,Damara Baglan
Training,JPY,322.39,24.02.2020,Norbie Treacher
Legal,JPY,356.80,11.08.2020,Agosto Manske
Research and Development,USD,808.68 ,21.07.2020,Rafaelia Harring
Support,USD,851.51 ,30.07.2020,Anne Ringham
Engineering,GBP,190.52,03.01.2020,Beverlee Edge
Marketing,USD,188.70 ,13.01.2020,Rani Kleinhandler
Research and Development,USD,114.22 ,09.04.2020,Wait Pedroli
Training,JPY,585.48,09.08.2020,Irving Hilland
Human Resources,EUR,914.80,20.04.2020,Joel Glavis
Support,EUR,272.71,17.10.2020,Ted Irce
Research and Development,JPY,391.91,01.11.2020,Nani Urrey
Research and Development,GBP,991.95,18.10.2020,Silvanus Baudassi
Support,USD,311.71 ,25.01.2020,Eleonore Hindsberg
Training,JPY,961.97,25.03.2020,Alister Waleran
Business Development,JPY,237.01,22.11.2020,Niels Stanlake
Research and Development,EUR,253.69,24.06.2020,Laryssa Leek
Legal,GBP,558.10,11.09.2020,Odetta Bowerbank
Business Development,JPY,796.09,20.01.2020,Hiram Carefull
Marketing,USD,462.62 ,04.07.2020,Catina Murfill
Business Development,JPY,183.24,05.04.2020,Charlotta Bentke
Training,JPY,92.57,28.08.2020,Ozzie Andrez
Business Development,USD,681.81 ,24.07.2020,Gertrude Jodrellec
Marketing,USD,472.56 ,20.06.2020,Pail Cheers
Research and Development,GBP,562.08,11.04.2020,Marlin Yearne
Legal,JPY,957.16,06.06.2020,Jesus Roylance
Marketing,USD,561.78 ,08.11.2020,Cyrill Voisey
Sales,JPY,502.56,05.04.2020,Ambur Cowern
Support,USD,462.72 ,14.08.2020,Oliy Simpkin
Marketing,EUR,829.91,18.11.2020,Saloma Guille
Engineering,USD,834.87 ,01.11.2020,Adora Stanaway
Legal,JPY,216.02,14.05.2020,Florida Litherborough
Engineering,JPY,54.88,18.08.2020,Kati Moline
Engineering,JPY,673.68,11.03.2020,Dimitri MacFadzan
Research and Development,USD,969.21 ,01.04.2020,Deanna Blay
Business Development,USD,937.33 ,13.08.2020,Kathie Spincke
Training,JPY,839.30,29.05.2020,Elfreda Bruckenthal
Accounting,EUR,513.71,31.08.2020,Marian Bools
Accounting,GBP,695.89,01.03.2020,Celestyna Goodin
Training,EUR,245.93,09.03.2020,Lawry Ellissen
Marketing,GBP,89.67,14.10.2020,Norbie McIlherran
Business Development,USD,965.82 ,27.10.2020,Gabrila Matheson
Human Resources,GBP,197.53,21.04.2020,Jessalyn Gilham
Research and Development,JPY,218.95,26.04.2020,Druci Ceillier
Marketing,JPY,265.49,07.08.2020,Boycie Tarzey
Engineering,EUR,808.93,27.05.2020,Tadeo FitzGibbon
Training,JPY,227.68,13.04.2020,Wendie Lorenzetti
Support,USD,538.21 ,29.05.2020,Lenette Niemiec
Business Development,JPY,921.92,06.10.2020,Gilberte Stanex
Support,USD,355.07 ,12.11.2020,Aeriela Pickston
Marketing,GBP,909.65,20.11.2020,Estell Glowinski
Support,JPY,342.14,27.07.2020,Esra Thexton
Support,EUR,790.59,20.05.2020,Skylar Gerbl
Marketing,USD,250.15 ,14.07.2020,Lamar Attwoull
Marketing,EUR,924.06,27.08.2020,Yvor Langfield
Accounting,GBP,284.39,19.12.2020,Shayna Molen
Engineering,JPY,477.31,11.11.2020,Filippo Shuard
Research and Development,USD,158.43 ,06.08.2020,Silvano Reinhart
Accounting,EUR,422.61,07.09.2020,Vasilis Tantum
Business Development,JPY,122.79,13.02.2020,Cletus Harrisson
Human Resources,USD,208.42 ,25.10.2020,Ossie Meysham
Marketing,JPY,12.58,15.05.2020,Hershel Brisard
Business Development,USD,224.29 ,23.07.2020,Kinnie Haffner
Accounting,JPY,750.73,23.02.2020,Josie Wayvill
Services,GBP,137.58,29.04.2020,Arabelle Helmke
Training,USD,826.24 ,15.05.2020,Joete Mariaud
Engineering,USD,150.93 ,09.03.2020,Dulsea McArdle
Accounting,USD,635.84 ,10.03.2020,Tann Toner
Services,EUR,332.40,13.09.2020,Falkner Farryan
Marketing,GBP,258.24,24.02.2020,Lola MacKessock
Accounting,USD,669.11 ,30.04.2020,Gussi Tradewell
Product Management,EUR,107.66,06.03.2020,Ania Langthorn
Training,EUR,144.63,18.08.2020,Briny Saldler
Legal,EUR,890.23,22.06.2020,Salaidh Borborough
Engineering,USD,971.95 ,28.10.2020,Harald Bulteel
Support,USD,56.16 ,22.03.2020,Nellie Uzzell
Legal,EUR,224.09,10.07.2020,Aurore Costock
Accounting,JPY,103.90,15.07.2020,Aline Floodgate
Services,JPY,132.52,13.01.2020,Harp Kerrod
Research and Development,GBP,224.34,27.04.2020,Amber Greswell
Legal,JPY,829.26,15.02.2020,Roda Deverale
Sales,GBP,656.02,29.06.2020,August Phalip
Marketing,USD,958.00 ,26.06.2020,Donavon Olenin
Marketing,GBP,554.12,14.07.2020,Teresita Aymerich
Accounting,USD,826.79 ,11.11.2020,Carlye Parkman
Product Management,EUR,949.62,05.06.2020,Sonni Meeking
Sales,EUR,258.40,28.01.2020,Daren Haggleton
Human Resources,GBP,297.75,10.06.2020,Kellen Josselsohn
Product Management,JPY,821.98,26.01.2020,Elnore Danit
Sales,USD,890.63 ,16.09.2020,Eddy Culwen
Services,USD,996.70 ,06.09.2020,Elroy Blaksland
Accounting,USD,252.03 ,28.10.2020,Ealasaid Nystrom
Services,USD,103.12 ,18.02.2020,Bailey De Vaan
Accounting,GBP,383.17,09.06.2020,Sheffie Frome
Accounting,GBP,388.05,10.04.2020,Kalie Argue
Business Development,EUR,553.78,20.03.2020,Lettie Mustoe
Business Development,JPY,236.00,13.08.2020,Zechariah Buggs
Training,GBP,702.71,16.07.2020,August Creus
Accounting,GBP,321.53,01.09.2020,Shanda Swynfen
Accounting,EUR,57.03,17.08.2020,Feodor Cubbin
Marketing,EUR,390.09,17.01.2020,Yasmeen Matzke
Business Development,USD,586.62 ,26.11.2020,Gannie MacKaig
Support,GBP,952.45,05.02.2020,Perry Havis
Support,EUR,439.54,23.09.2020,Henriette Ruskin
Business Development,EUR,650.78,06.02.2020,Ambrosio Beveridge
Sales,GBP,415.35,17.11.2020,Murielle Phettis
Sales,USD,771.49 ,05.09.2020,Brittaney Armitage
Training,USD,316.67 ,09.05.2020,Uriel Rosenberger
Legal,EUR,413.39,08.06.2020,Bobine Gutridge
Services,USD,399.96 ,24.05.2020,Lesya Traviss
Product Management,JPY,830.78,09.02.2020,Rad Childes
Marketing,USD,940.65 ,28.07.2020,Floria Fidock
Human Resources,EUR,95.57,02.05.2020,Marian Rathke
Marketing,EUR,632.17,20.06.2020,Alica Babin
Accounting,JPY,111.67,03.12.2020,Christine Ramsden
Product Management,JPY,245.51,24.06.2020,Duffy O'Canavan
Product Management,EUR,848.25,23.07.2020,Fleur Majury
Training,GBP,850.96,27.07.2020,Filide Kenway
Business Development,JPY,382.96,23.02.2020,Gale Rediers
Product Management,GBP,124.04,25.06.2020,Annora Marchelli
Product Management,USD,559.39 ,29.08.2020,Lenci Malden
Training,GBP,347.87,14.06.2020,Phillida Tytherton
Sales,USD,240.37 ,28.07.2020,Atlanta Philpott
Sales,GBP,932.35,24.12.2020,Hortensia McColley
Accounting,GBP,894.82,08.06.2020,Bryce Gommes
Engineering,GBP,974.69,10.11.2020,Parke Manvell
Human Resources,USD,751.90 ,26.12.2020,Michell Monks
Sales,EUR,272.25,26.07.2020,Modestine Ferron
Engineering,JPY,565.76,12.01.2020,Jemmy McEwen
Sales,GBP,262.97,06.12.2020,Leanor Decourt
Training,EUR,185.21,26.03.2020,Demetris Ilott
Research and Development,USD,747.03 ,15.05.2020,Oralla Berka
Legal,JPY,542.93,10.06.2020,Reginald Swarbrick
Marketing,GBP,135.32,02.11.2020,Bertrando Mearing
Accounting,EUR,296.98,20.12.2020,Brittne Cawthron
Human Resources,USD,372.32 ,28.10.2020,Brinna Brechin
Accounting,EUR,542.24,14.04.2020,Jodie Aitkin
Engineering,JPY,729.99,20.07.2020,Melany Britton
Engineering,JPY,363.54,05.02.2020,Lora Fretwell
Research and Development,JPY,532.39,26.07.2020,Corbin Checcuzzi
Business Development,GBP,809.27,26.08.2020,Raynell Arnaud
Training,GBP,662.25,30.03.2020,Delila Hablet
Sales,USD,167.43 ,11.03.2020,Carmella Palek
Legal,USD,957.22 ,05.03.2020,Nobe Bhatia
Sales,USD,531.25 ,01.05.2020,Iris Wadforth
Sales,JPY,765.20,30.11.2020,Peirce Portress
Research and Development,GBP,158.81,03.01.2020,Shane Heilds
Training,EUR,440.52,30.04.2020,Corby Order
Accounting,JPY,371.97,19.10.2020,Bettine Desesquelle
Legal,EUR,205.93,26.12.2020,Cordi Kittley
Human Resources,GBP,158.12,13.06.2020,Ray Ackroyd
Sales,USD,784.55 ,01.10.2020,Todd Bontine
Services,USD,102.06 ,12.10.2020,Darren Meenehan
Accounting,USD,311.73 ,21.05.2020,Joana Simeons
Legal,USD,160.39 ,01.03.2020,Hirsch Petroselli
Training,JPY,964.49,07.04.2020,Shurlock Ridhole
Legal,JPY,179.44,26.11.2020,Jemimah Trapp
Services,USD,614.71 ,31.08.2020,Mercie Worster
Engineering,EUR,379.71,22.12.2020,Fiann Aylott
Training,GBP,332.10,04.09.2020,Ann Craighall
Marketing,GBP,165.80,26.10.2020,Ludwig Hebbes
Marketing,JPY,461.77,02.05.2020,Margret Berthome
Engineering,JPY,600.15,24.10.2020,Sheree Brockwell
Engineering,EUR,167.24,15.10.2020,Crystal Brendel
Support,JPY,20.61,30.04.2020,Elbertine Cardnell
Business Development,JPY,674.89,04.05.2020,Margo Bagge
Marketing,USD,18.92 ,03.05.2020,Clarice McGavin
Marketing,JPY,381.85,19.03.2020,Amalle Townshend
Training,JPY,250.44,14.12.2020,Zarla Tingcomb
Accounting,GBP,25.42,20.09.2020,Aurelia Isaak
Support,USD,183.55 ,01.10.2020,Saleem Cowndley
Training,GBP,655.88,29.07.2020,Madelon Siseland
Legal,JPY,528.66,15.06.2020,Cordie Fragino
Sales,GBP,590.00,02.04.2020,Nannette Camacho
Engineering,GBP,213.37,30.04.2020,Clarabelle Halladay
Business Development,USD,354.40 ,24.12.2020,Theresita Juris
Human Resources,JPY,94.18,06.11.2020,Emmanuel Tilbrook
Services,JPY,355.92,17.04.2020,Florenza Joreau
Engineering,GBP,855.67,25.03.2020,Gabie Gegay
Human Resources,EUR,870.16,09.12.2020,Garreth Devote
Business Development,JPY,189.56,02.10.2020,Farlie Hayles
Human Resources,USD,920.86 ,07.03.2020,Taddeusz Andress
Marketing,GBP,920.39,16.08.2020,Halley Boxer
Product Management,USD,841.25 ,29.09.2020,Bay Tulloch
Human Resources,USD,109.13 ,21.08.2020,Donall Robardey
Training,USD,501.69 ,12.03.2020,Jo-ann Feldmus
Engineering,EUR,841.06,02.02.2020,Sonya Logan
Research and Development,USD,524.63 ,05.11.2020,Kerwinn Rumney
Marketing,GBP,668.58,02.03.2020,Ashbey Flaverty
Legal,GBP,162.02,03.02.2020,Marcellina Beane
Support,GBP,285.15,13.11.2020,Almira Bussel
Research and Development,JPY,442.50,22.10.2020,Den Grinyer
Marketing,JPY,909.30,28.07.2020,Nigel Brimman
Marketing,GBP,622.06,23.08.2020,Bernita Glaves
Training,GBP,389.98,29.07.2020,Indira Mussett
Support,USD,421.32 ,29.05.2020,Donal Budleigh
Sales,GBP,655.44,06.06.2020,Shay Kerman
Marketing,USD,184.66 ,26.01.2020,Boigie Preene
Business Development,JPY,603.50,23.02.2020,Florian McIlreavy
Legal,USD,576.66 ,30.01.2020,Kristos Rye
Human Resources,JPY,912.77,12.01.2020,Yoko Coop
Human Resources,USD,954.81 ,18.11.2020,Chancey Dancey
Legal,JPY,806.38,11.02.2020,Mikol Rodinger
Engineering,JPY,925.08,13.09.2020,Nalani Chessum
Marketing,GBP,368.80,24.10.2020,Quincey Peinke
Training,GBP,277.65,22.06.2020,Noemi Powney
Product Management,GBP,378.02,13.07.2020,Vally Baleine
Accounting,EUR,960.15,04.07.2020,Stillman Chrystie
Business Development,JPY,208.92,29.06.2020,Guido Showell
Accounting,USD,10.99 ,10.12.2020,Fanny Patillo
Engineering,JPY,98.14,21.01.2020,Gerta Copelli
Training,USD,528.88 ,04.06.2020,Gabriello Biskup
Support,GBP,21.77,26.05.2020,Dietrich Orridge
Training,EUR,244.42,12.05.2020,Terrell Horning
Business Development,GBP,99.70,05.02.2020,Arthur Phizackarley
Sales,USD,151.05 ,16.08.2020,Yehudi McCard
Accounting,JPY,865.91,08.12.2020,Tonie Birdseye
Legal,EUR,276.79,04.02.2020,Josi Fakes
Accounting,GBP,836.31,29.09.2020,Goldina Woodward
Support,JPY,567.45,19.05.2020,Calli Screach
Sales,EUR,635.86,11.03.2020,Ag Back
Sales,EUR,758.51,01.04.2020,Marta Brikner
Marketing,JPY,942.39,02.07.2020,Emelina Thacker
Accounting,JPY,726.16,22.01.2020,Bunnie Walles
Sales,GBP,255.22,24.05.2020,Say Pavlasek
Accounting,GBP,217.43,10.05.2020,Lib Kemetz
Product Management,USD,627.83 ,26.02.2020,Tandi Wreight
Human Resources,JPY,102.21,04.12.2020,Fina Paddock
Services,JPY,76.99,12.05.2020,Megen Pfeffer
Business Development,USD,706.15 ,28.10.2020,Brent Cantwell
Research and Development,USD,808.81 ,18.08.2020,Glennie Common
Services,JPY,668.87,29.09.2020,Les Mullins
Human Resources,USD,867.66 ,18.01.2020,Marion Lanfare
Support,USD,605.89 ,28.07.2020,Flossi Bales
Marketing,GBP,344.79,24.04.2020,Caralie Zammitt
Business Development,USD,217.35 ,20.10.2020,Pace Goudie
Support,JPY,638.45,24.05.2020,Opalina Ciabatteri
Marketing,USD,931.60 ,23.03.2020,Merrill Starrs
Product Management,USD,532.06 ,30.01.2020,Brook Keele
Marketing,JPY,776.71,09.04.2020,Jackie Stenet
Services,JPY,215.72,11.08.2020,Nesta Wilgar
Engineering,GBP,735.35,09.07.2020,Maurizia Espino
Sales,EUR,848.13,29.09.2020,Wallache Grishakin
Services,EUR,604.32,10.10.2020,Lefty Beranek
Legal,GBP,275.75,21.01.2020,Khalil Baskeyfield
Research and Development,USD,892.83 ,25.01.2020,Tamara Maben
Legal,JPY,127.97,17.03.2020,Edita Cottesford
Legal,EUR,133.09,01.04.2020,Sandi Towns
Human Resources,JPY,380.63,31.08.2020,Laureen Copestake
Human Resources,GBP,151.04,08.12.2020,Godfry Mayhead
Engineering,JPY,641.14,27.10.2020,Caril Massenhove
Legal,USD,723.84 ,05.12.2020,Simonette Rushe
Research and Development,EUR,103.60,16.06.2020,Lorelei Mazzia
Engineering,JPY,784.67,28.06.2020,Merlina Vaudre
Human Resources,EUR,447.81,22.01.2020,Ethelred Gurdon
Engineering,USD,629.47 ,30.06.2020,Lynnett Thunder
Accounting,GBP,200.26,17.01.2020,Sandor Twiname
Support,GBP,409.68,06.12.2020,Wenda Clements
Business Development,EUR,138.04,20.06.2020,Dalila Thorlby
Support,GBP,653.43,09.06.2020,Maxine Ouldcott
Business Development,USD,87.54 ,04.01.2020,Gillian Damsell
Human Resources,EUR,775.27,05.04.2020,Timothy Goodding
Legal,EUR,700.45,14.08.2020,Sloan Wrathmall
Product Management,JPY,570.82,09.01.2020,Verne Shoorbrooke
Sales,GBP,541.46,02.08.2020,Harri Cicchetto
Accounting,EUR,602.99,05.05.2020,Darwin Grouen
Business Development,GBP,579.26,13.11.2020,Ailene Angear
Training,JPY,621.68,10.03.2020,Skippie Heibl
Human Resources,USD,147.14 ,16.12.2020,Audie Russell
Services,EUR,322.74,20.06.2020,Annalee Bassford
Training,GBP,316.22,26.04.2020,Prue Betts
Sales,GBP,708.55,17.04.2020,Willis Creggan
Human Resources,USD,725.33 ,03.11.2020,Reena Yemm
Engineering,USD,948.19 ,24.12.2020,Germana Potkin
Sales,JPY,175.42,22.01.2020,Madelina Faier
Business Development,USD,590.27 ,15.02.2020,Alleen Bidder
Training,USD,858.68 ,27.07.2020,Micheil Bayston
Sales,JPY,374.74,08.08.2020,Zola Maffioni
Accounting,JPY,540.29,08.07.2020,Pooh Di Pietro
Marketing,EUR,233.84,16.04.2020,Lorianna Willimont
Support,JPY,858.97,04.04.2020,Morley Stobbe
Engineering,EUR,583.28,04.08.2020,Darcee O'Growgane
Accounting,USD,62.47 ,19.07.2020,Ulla McLaverty
Business Development,EUR,273.88,07.12.2020,Wynnie Guilloton
Accounting,EUR,353.15,04.01.2020,Johnna Foye
Marketing,EUR,360.95,17.06.2020,Kailey Lillee
Accounting,GBP,329.76,22.09.2020,Alejandra Pentercost
Marketing,EUR,916.69,11.03.2020,Courtnay Winks
Product Management,EUR,276.68,09.07.2020,Meredith McGuffie
Human Resources,GBP,61.63,30.12.2020,Esma Van Salzberger
Accounting,EUR,303.70,10.07.2020,Rora Barnish
Research and Development,GBP,336.52,29.07.2020,Brand Manjin
Services,JPY,392.00,09.01.2020,Pier Leftbridge
Marketing,JPY,101.24,26.12.2020,Jacki Lount
Accounting,USD,736.55 ,09.10.2020,Pavla Van Driel
Sales,USD,351.59 ,13.02.2020,Forster Szantho
Support,GBP,575.62,09.01.2020,Devora Woffinden
Marketing,GBP,268.58,01.02.2020,Bobbye Perfitt
Training,GBP,191.28,03.07.2020,Ernest Kaplin
Human Resources,USD,272.33 ,14.10.2020,Idette Leffek
Support,USD,436.75 ,12.12.2020,Reeva Vashchenko
Human Resources,EUR,693.56,24.07.2020,Latrina Bilsford
Marketing,USD,29.79 ,17.06.2020,Andy Elph
Human Resources,EUR,200.91,25.03.2020,Dave Djurevic
Human Resources,JPY,901.34,21.10.2020,Yulma Mc Curlye
Business Development,JPY,673.63,21.04.2020,Adam Domniney
Training,USD,254.76 ,21.06.2020,Laina Butland
Sales,GBP,722.29,18.12.2020,Maia Cornelisse
Support,JPY,90.12,20.09.2020,Elaina Walsh
Sales,USD,482.01 ,04.07.2020,Braden Pamphilon
Human Resources,GBP,548.18,17.05.2020,Robin Spencook
Accounting,JPY,312.88,15.08.2020,Hedvig Gwilym
Business Development,USD,166.52 ,27.10.2020,Laryssa Antliff
Marketing,USD,229.82 ,26.01.2020,Brendon Murcutt
Marketing,USD,465.19 ,24.03.2020,Talia Hunstone
Services,JPY,84.80,24.02.2020,Guilbert Cotterill
Legal,JPY,490.55,01.11.2020,Sancho Sockell
Research and Development,EUR,694.54,05.03.2020,Karoly Kleinerman
Support,GBP,125.48,01.09.2020,Phip Reddish
Research and Development,EUR,653.00,18.11.2020,Robin Lob
Sales,GBP,878.68,25.08.2020,Nevile Snookes
Human Resources,JPY,734.67,25.09.2020,Malia Hemstead
Product Management,EUR,839.86,27.12.2020,Nicola Rattry
Product Management,GBP,174.03,24.11.2020,Anna Docherty
Accounting,JPY,731.24,31.10.2020,Rosette Donner
Product Management,EUR,580.87,06.09.2020,Del Last
Business Development,EUR,719.82,21.11.2020,Payton Parell
Sales,USD,339.68 ,09.06.2020,Nelia Sempill
Business Development,GBP,43.82,12.07.2020,Reamonn Brennen
Support,JPY,850.33,04.08.2020,Tobin Bodd
Engineering,JPY,749.00,21.05.2020,Klarika Baynham
Product Management,GBP,156.54,25.01.2020,Renard Glowacki
Research and Development,USD,215.63 ,05.03.2020,Isaac Hinze
Training,JPY,345.59,18.11.2020,Barbette Samarth
Services,GBP,847.55,24.10.2020,Tucky Lempertz
Engineering,USD,259.39 ,15.11.2020,Worth Pankethman
Legal,EUR,736.76,09.12.2020,Weylin MacKaig
Training,GBP,729.99,26.06.2020,Enos MacGiolla
Support,USD,618.98 ,14.05.2020,Lorie Joselson
Research and Development,USD,710.82 ,22.11.2020,Susi Asty
Legal,EUR,121.51,28.12.2020,Lonni Wealthall
Product Management,USD,383.28 ,08.02.2020,Adriane Mila
Human Resources,USD,580.25 ,01.01.2020,Sloan Tringham
Legal,GBP,663.43,30.06.2020,Silvana Drane
Engineering,GBP,452.71,12.07.2020,Barnabas McCoole
Accounting,GBP,271.54,23.05.2020,Sibilla Rolling
Business Development,EUR,848.42,19.04.2020,Cazzie Seabourne
Support,JPY,609.44,02.12.2020,Haven Mackie
Business Development,JPY,889.14,11.02.2020,Jacki Lias
Business Development,GBP,106.77,14.07.2020,Sherlocke Grouse
Product Management,GBP,417.58,27.12.2020,Cammy Tapscott
Legal,JPY,443.50,11.12.2020,Miquela Rosenbarg
Accounting,EUR,790.87,14.05.2020,Gus Queripel
Sales,GBP,674.29,17.04.2020,Quincey Leeburne
Engineering,USD,597.05 ,20.09.2020,Orren Doudney
Sales,EUR,509.21,21.10.2020,Marlene Cabble
Sales,GBP,766.67,03.12.2020,Abelard Chasle
Support,EUR,67.45,09.01.2020,Gavan Dunguy
Services,EUR,941.97,04.04.2020,Norrie Fusco
Marketing,EUR,911.87,30.04.2020,Bronnie Locket
Engineering,GBP,145.13,09.04.2020,Wiley Parham
Human Resources,EUR,585.07,19.12.2020,Rora Mannock
Engineering,GBP,776.24,22.01.2020,Thadeus Collabine
Product Management,GBP,464.26,18.09.2020,Gaspar Cafferty
Training,USD,125.18 ,12.08.2020,Beauregard Jentle
Product Management,GBP,425.96,17.07.2020,Rahal Suart
Sales,JPY,896.56,07.05.2020,Ulises McGuinley
Research and Development,GBP,978.52,25.10.2020,Milena Pull
Business Development,USD,48.25 ,06.02.2020,Prent Meachan
Marketing,EUR,97.48,05.02.2020,Eloise Heald
Human Resources,USD,575.70 ,19.03.2020,Herve Fouldes
Research and Development,EUR,558.88,26.06.2020,Twila Brewin
Support,JPY,504.34,12.08.2020,Vick Feehely
Services,JPY,355.50,24.10.2020,Lind Mainstone
Research and Development,USD,763.64 ,26.01.2020,Rowe Orr
Sales,GBP,994.42,09.03.2020,Jo Tesyro
Marketing,EUR,990.48,11.10.2020,Dorrie Dunnan
Human Resources,GBP,815.12,20.10.2020,Gaylene Halloran
Business Development,USD,617.61 ,01.05.2020,Barbi Wasiel
Services,JPY,253.22,04.03.2020,Jillana McGooch
Training,GBP,306.02,17.08.2020,Brunhilda Visco
Support,GBP,86.90,23.06.2020,Flore Timberlake
Engineering,JPY,706.83,15.04.2020,Kaela Lotterington
Accounting,JPY,520.77,31.03.2020,Sutherland Pearne
Human Resources,GBP,58.01,22.09.2020,Paulette Howkins
Engineering,EUR,181.07,20.07.2020,Jessie Sansome
Engineering,JPY,301.12,02.11.2020,Nerita Digby
Accounting,GBP,587.47,27.03.2020,Stanwood McKimmey
Product Management,GBP,24.02,30.10.2020,Dani McCanny
Research and Development,EUR,575.40,07.11.2020,Marget Cridlan
Research and Development,GBP,886.15,31.07.2020,Chaddy Bannell
Services,USD,237.02 ,01.01.2020,Ardra Renneke
Training,GBP,921.48,14.03.2020,Edan Rowlett
Training,JPY,493.72,20.08.2020,Monah Piaggia
Marketing,USD,846.09 ,07.02.2020,Correy Ebbs
Legal,GBP,37.06,07.11.2020,Hall Mantle
Services,GBP,951.99,30.04.2020,Elyse Silbermann
Research and Development,EUR,406.56,23.12.2020,Allison MacMickan
Services,GBP,693.31,13.08.2020,Aubree Wormald
Services,GBP,499.26,14.03.2020,Leela Pashley
Product Management,EUR,995.24,07.12.2020,Radcliffe Joannidi
Business Development,JPY,979.70,29.07.2020,Sasha Skermer
Sales,USD,444.80 ,04.01.2020,Orsola Forson
Product Management,GBP,960.38,20.12.2020,Quill Dommett
Accounting,GBP,436.20,16.03.2020,Jamie Franies
Support,GBP,151.70,09.06.2020,Vaclav Cersey
Product Management,GBP,194.94,16.01.2020,Lock Ciciotti
Accounting,EUR,523.98,09.09.2020,Siobhan Bostick
Engineering,JPY,854.70,14.05.2020,Rosetta Sturman
Human Resources,EUR,482.98,19.12.2020,Neda Bradbrook
Support,JPY,532.52,13.09.2020,Benny Sneddon
Engineering,EUR,113.85,21.11.2020,Janey Tyres
